date,price
2016-01-01,100.0200
2016-01-02,100.0400
2016-01-03,100.0600
2016-01-04,100.0800
2016-01-05,100.1000
2016-01-06,100.1201
2016-01-07,100.1401
2016-01-08,100.1601
2016-01-09,100.1801
2016-01-10,100.2002
2016-01-11,100.2202
2016-01-12,100.2403
2016-01-13,100.2603
2016-01-14,100.2804
2016-01-15,100.3004
2016-01-16,100.3205
2016-01-17,100.3405
2016-01-18,100.3606
2016-01-19,100.3807
2016-01-20,100.4008
2016-01-21,100.4208
2016-01-22,100.4409
2016-01-23,100.4610
2016-01-24,100.4811
2016-01-25,100.5012
2016-01-26,100.5213
2016-01-27,100.5414
2016-01-28,100.5615
2016-01-29,100.5816
2016-01-30,100.6017
2016-01-31,100.6219
2016-02-01,100.6420
2016-02-02,100.6621
2016-02-03,100.6822
2016-02-04,100.7024
2016-02-05,100.7225
2016-02-06,100.7427
2016-02-07,100.7628
2016-02-08,100.7830
2016-02-09,100.8031
2016-02-10,100.8233
2016-02-11,100.8435
2016-02-12,100.8636
2016-02-13,100.8838
2016-02-14,100.9040
2016-02-15,100.9242
2016-02-16,100.9443
2016-02-17,100.9645
2016-02-18,100.9847
2016-02-19,101.0049
2016-02-20,101.0251
2016-02-21,101.0453
2016-02-22,101.0655
2016-02-23,101.0857
2016-02-24,101.1060
2016-02-25,101.1262
2016-02-26,101.1464
2016-02-27,101.1666
2016-02-28,101.1869
2016-02-29,101.2071
2016-03-01,101.2273
2016-03-02,101.2476
2016-03-03,101.2678
2016-03-04,101.2881
2016-03-05,101.3084
2016-03-06,101.3286
2016-03-07,101.3489
2016-03-08,101.3692
2016-03-09,101.3894
2016-03-10,101.4097
2016-03-11,101.4300
2016-03-12,101.4503
2016-03-13,101.4706
2016-03-14,101.4909
2016-03-15,101.5112
2016-03-16,101.5315
2016-03-17,101.5518
2016-03-18,101.5721
2016-03-19,101.5924
2016-03-20,101.6127
2016-03-21,101.6330
2016-03-22,101.6534
2016-03-23,101.6737
2016-03-24,101.6940
2016-03-25,101.7144
2016-03-26,101.7347
2016-03-27,101.7550
2016-03-28,101.7754
2016-03-29,101.7958
2016-03-30,101.8161
2016-03-31,101.8365
2016-04-01,101.8568
2016-04-02,101.8772
2016-04-03,101.8976
2016-04-04,101.9180
2016-04-05,101.9384
2016-04-06,101.9587
2016-04-07,101.9791
2016-04-08,101.9995
2016-04-09,102.0199
2016-04-10,102.0403
2016-04-11,102.0607
2016-04-12,102.0812
2016-04-13,102.1016
2016-04-14,102.1220
2016-04-15,102.1424
2016-04-16,102.1628
2016-04-17,102.1833
2016-04-18,102.2037
2016-04-19,102.2242
2016-04-20,102.2446
2016-04-21,102.2650
2016-04-22,102.2855
2016-04-23,102.3060
2016-04-24,102.3264
2016-04-25,102.3469
2016-04-26,102.3674
2016-04-27,102.3878
2016-04-28,102.4083
2016-04-29,102.4288
2016-04-30,102.4493
2016-05-01,102.4698
2016-05-02,102.4903
2016-05-03,102.5108
2016-05-04,102.5313
2016-05-05,102.5518
2016-05-06,102.5723
2016-05-07,102.5928
2016-05-08,102.6133
2016-05-09,102.6338
2016-05-10,102.6544
2016-05-11,102.6749
2016-05-12,102.6954
2016-05-13,102.7160
2016-05-14,102.7365
2016-05-15,102.7571
2016-05-16,102.7776
2016-05-17,102.7982
2016-05-18,102.8187
2016-05-19,102.8393
2016-05-20,102.8598
2016-05-21,102.8804
2016-05-22,102.9010
2016-05-23,102.9216
2016-05-24,102.9422
2016-05-25,102.9627
2016-05-26,102.9833
2016-05-27,103.0039
2016-05-28,103.0245
2016-05-29,103.0451
2016-05-30,103.0658
2016-05-31,103.0864
2016-06-01,103.1070
2016-06-02,103.1276
2016-06-03,103.1482
2016-06-04,103.1689
2016-06-05,103.1895
2016-06-06,103.2101
2016-06-07,103.2308
2016-06-08,103.2514
2016-06-09,103.2721
2016-06-10,103.2927
2016-06-11,103.3134
2016-06-12,103.3340
2016-06-13,103.3547
2016-06-14,103.3754
2016-06-15,103.3961
2016-06-16,103.4167
2016-06-17,103.4374
2016-06-18,103.4581
2016-06-19,103.4788
2016-06-20,103.4995
2016-06-21,103.5202
2016-06-22,103.5409
2016-06-23,103.5616
2016-06-24,103.5823
2016-06-25,103.6030
2016-06-26,103.6238
2016-06-27,103.6445
2016-06-28,103.6652
2016-06-29,103.6859
2016-06-30,103.7067
2016-07-01,103.7274
2016-07-02,103.7482
2016-07-03,103.7689
2016-07-04,103.7897
2016-07-05,103.8104
2016-07-06,103.8312
2016-07-07,103.8520
2016-07-08,103.8727
2016-07-09,103.8935
2016-07-10,103.9143
2016-07-11,103.9351
2016-07-12,103.9559
2016-07-13,103.9766
2016-07-14,103.9974
2016-07-15,104.0182
2016-07-16,104.0390
2016-07-17,104.0598
2016-07-18,104.0807
2016-07-19,104.1015
2016-07-20,104.1223
2016-07-21,104.1431
2016-07-22,104.1640
2016-07-23,104.1848
2016-07-24,104.2056
2016-07-25,104.2265
2016-07-26,104.2473
2016-07-27,104.2682
2016-07-28,104.2890
2016-07-29,104.3099
2016-07-30,104.3307
2016-07-31,104.3516
2016-08-01,104.3725
2016-08-02,104.3933
2016-08-03,104.4142
2016-08-04,104.4351
2016-08-05,104.4560
2016-08-06,104.4769
2016-08-07,104.4978
2016-08-08,104.5187
2016-08-09,104.5396
2016-08-10,104.5605
2016-08-11,104.5814
2016-08-12,104.6023
2016-08-13,104.6232
2016-08-14,104.6442
2016-08-15,104.6651
2016-08-16,104.6860
2016-08-17,104.7070
2016-08-18,104.7279
2016-08-19,104.7488
2016-08-20,104.7698
2016-08-21,104.7908
2016-08-22,104.8117
2016-08-23,104.8327
2016-08-24,104.8536
2016-08-25,104.8746
2016-08-26,104.8956
2016-08-27,104.9166
2016-08-28,104.9375
2016-08-29,104.9585
2016-08-30,104.9795
2016-08-31,105.0005
2016-09-01,105.0215
2016-09-02,105.0425
2016-09-03,105.0635
2016-09-04,105.0845
2016-09-05,105.1056
2016-09-06,105.1266
2016-09-07,105.1476
2016-09-08,105.1686
2016-09-09,105.1897
2016-09-10,105.2107
2016-09-11,105.2318
2016-09-12,105.2528
2016-09-13,105.2738
2016-09-14,105.2949
2016-09-15,105.3160
2016-09-16,105.3370
2016-09-17,105.3581
2016-09-18,105.3792
2016-09-19,105.4002
2016-09-20,105.4213
2016-09-21,105.4424
2016-09-22,105.4635
2016-09-23,105.4846
2016-09-24,105.5057
2016-09-25,105.5268
2016-09-26,105.5479
2016-09-27,105.5690
2016-09-28,105.5901
2016-09-29,105.6112
2016-09-30,105.6324
2016-10-01,105.6535
2016-10-02,105.6746
2016-10-03,105.6957
2016-10-04,105.7169
2016-10-05,105.7380
2016-10-06,105.7592
2016-10-07,105.7803
2016-10-08,105.8015
2016-10-09,105.8226
2016-10-10,105.8438
2016-10-11,105.8650
2016-10-12,105.8862
2016-10-13,105.9073
2016-10-14,105.9285
2016-10-15,105.9497
2016-10-16,105.9709
2016-10-17,105.9921
2016-10-18,106.0133
2016-10-19,106.0345
2016-10-20,106.0557
2016-10-21,106.0769
2016-10-22,106.0981
2016-10-23,106.1193
2016-10-24,106.1406
2016-10-25,106.1618
2016-10-26,106.1830
2016-10-27,106.2043
2016-10-28,106.2255
2016-10-29,106.2467
2016-10-30,106.2680
2016-10-31,106.2892
2016-11-01,106.3105
2016-11-02,106.3318
2016-11-03,106.3530
2016-11-04,106.3743
2016-11-05,106.3956
2016-11-06,106.4169
2016-11-07,106.4381
2016-11-08,106.4594
2016-11-09,106.4807
2016-11-10,106.5020
2016-11-11,106.5233
2016-11-12,106.5446
2016-11-13,106.5659
2016-11-14,106.5872
2016-11-15,106.6086
2016-11-16,106.6299
2016-11-17,106.6512
2016-11-18,106.6725
2016-11-19,106.6939
2016-11-20,106.7152
2016-11-21,106.7366
2016-11-22,106.7579
2016-11-23,106.7793
2016-11-24,106.8006
2016-11-25,106.8220
2016-11-26,106.8433
2016-11-27,106.8647
2016-11-28,106.8861
2016-11-29,106.9074
2016-11-30,106.9288
2016-12-01,106.9502
2016-12-02,106.9716
2016-12-03,106.9930
2016-12-04,107.0144
2016-12-05,107.0358
2016-12-06,107.0572
2016-12-07,107.0786
2016-12-08,107.1000
2016-12-09,107.1215
2016-12-10,107.1429
2016-12-11,107.1643
2016-12-12,107.1857
2016-12-13,107.2072
2016-12-14,107.2286
2016-12-15,107.2501
2016-12-16,107.2715
2016-12-17,107.2930
2016-12-18,107.3144
2016-12-19,107.3359
2016-12-20,107.3574
2016-12-21,107.3788
2016-12-22,107.4003
2016-12-23,107.4218
2016-12-24,107.4433
2016-12-25,107.4648
2016-12-26,107.4863
2016-12-27,107.5078
2016-12-28,107.5293
2016-12-29,107.5508
2016-12-30,107.5723
2016-12-31,107.5938
2017-01-01,107.6153
2017-01-02,107.6368
2017-01-03,107.6584
2017-01-04,107.6799
2017-01-05,107.7014
2017-01-06,107.7230
2017-01-07,107.7445
2017-01-08,107.7661
2017-01-09,107.7876
2017-01-10,107.8092
2017-01-11,107.8307
2017-01-12,107.8523
2017-01-13,107.8739
2017-01-14,107.8954
2017-01-15,107.9170
2017-01-16,107.9386
2017-01-17,107.9602
2017-01-18,107.9818
2017-01-19,108.0034
2017-01-20,108.0250
2017-01-21,108.0466
2017-01-22,108.0682
2017-01-23,108.0898
2017-01-24,108.1114
2017-01-25,108.1330
2017-01-26,108.1547
2017-01-27,108.1763
2017-01-28,108.1979
2017-01-29,108.2196
2017-01-30,108.2412
2017-01-31,108.2629
2017-02-01,108.2845
2017-02-02,108.3062
2017-02-03,108.3278
2017-02-04,108.3495
2017-02-05,108.3712
2017-02-06,108.3928
2017-02-07,108.4145
2017-02-08,108.4362
2017-02-09,108.4579
2017-02-10,108.4796
2017-02-11,108.5013
2017-02-12,108.5230
2017-02-13,108.5447
2017-02-14,108.5664
2017-02-15,108.5881
2017-02-16,108.6098
2017-02-17,108.6316
2017-02-18,108.6533
2017-02-19,108.6750
2017-02-20,108.6967
2017-02-21,108.7185
2017-02-22,108.7402
2017-02-23,108.7620
2017-02-24,108.7837
2017-02-25,108.8055
2017-02-26,108.8272
2017-02-27,108.8490
2017-02-28,108.8708
2017-03-01,108.8926
2017-03-02,108.9143
2017-03-03,108.9361
2017-03-04,108.9579
2017-03-05,108.9797
2017-03-06,109.0015
2017-03-07,109.0233
2017-03-08,109.0451
2017-03-09,109.0669
2017-03-10,109.0887
2017-03-11,109.1105
2017-03-12,109.1324
2017-03-13,109.1542
2017-03-14,109.1760
2017-03-15,109.1979
2017-03-16,109.2197
2017-03-17,109.2415
2017-03-18,109.2634
2017-03-19,109.2852
2017-03-20,109.3071
2017-03-21,109.3290
2017-03-22,109.3508
2017-03-23,109.3727
2017-03-24,109.3946
2017-03-25,109.4164
2017-03-26,109.4383
2017-03-27,109.4602
2017-03-28,109.4821
2017-03-29,109.5040
2017-03-30,109.5259
2017-03-31,109.5478
2017-04-01,109.5697
2017-04-02,109.5916
2017-04-03,109.6136
2017-04-04,109.6355
2017-04-05,109.6574
2017-04-06,109.6793
2017-04-07,109.7013
2017-04-08,109.7232
2017-04-09,109.7452
2017-04-10,109.7671
2017-04-11,109.7891
2017-04-12,109.8110
2017-04-13,109.8330
2017-04-14,109.8549
2017-04-15,109.8769
2017-04-16,109.8989
2017-04-17,109.9209
2017-04-18,109.9429
2017-04-19,109.9648
2017-04-20,109.9868
2017-04-21,110.0088
2017-04-22,110.0308
2017-04-23,110.0528
2017-04-24,110.0748
2017-04-25,110.0969
2017-04-26,110.1189
2017-04-27,110.1409
2017-04-28,110.1629
2017-04-29,110.1850
2017-04-30,110.2070
2017-05-01,110.2290
2017-05-02,110.2511
2017-05-03,110.2731
2017-05-04,110.2952
2017-05-05,110.3173
2017-05-06,110.3393
2017-05-07,110.3614
2017-05-08,110.3835
2017-05-09,110.4055
2017-05-10,110.4276
2017-05-11,110.4497
2017-05-12,110.4718
2017-05-13,110.4939
2017-05-14,110.5160
2017-05-15,110.5381
2017-05-16,110.5602
2017-05-17,110.5823
2017-05-18,110.6044
2017-05-19,110.6265
2017-05-20,110.6487
2017-05-21,110.6708
2017-05-22,110.6929
2017-05-23,110.7151
2017-05-24,110.7372
2017-05-25,110.7594
2017-05-26,110.7815
2017-05-27,110.8037
2017-05-28,110.8258
2017-05-29,110.8480
2017-05-30,110.8702
2017-05-31,110.8923
2017-06-01,110.9145
2017-06-02,110.9367
2017-06-03,110.9589
2017-06-04,110.9811
2017-06-05,111.0033
2017-06-06,111.0255
2017-06-07,111.0477
2017-06-08,111.0699
2017-06-09,111.0921
2017-06-10,111.1143
2017-06-11,111.1366
2017-06-12,111.1588
2017-06-13,111.1810
2017-06-14,111.2032
2017-06-15,111.2255
2017-06-16,111.2477
2017-06-17,111.2700
2017-06-18,111.2922
2017-06-19,111.3145
2017-06-20,111.3368
2017-06-21,111.3590
2017-06-22,111.3813
2017-06-23,111.4036
2017-06-24,111.4259
2017-06-25,111.4481
2017-06-26,111.4704
2017-06-27,111.4927
2017-06-28,111.5150
2017-06-29,111.5373
2017-06-30,111.5596
2017-07-01,111.5819
2017-07-02,111.6043
2017-07-03,111.6266
2017-07-04,111.6489
2017-07-05,111.6712
2017-07-06,111.6936
2017-07-07,111.7159
2017-07-08,111.7383
2017-07-09,111.7606
2017-07-10,111.7830
2017-07-11,111.8053
2017-07-12,111.8277
2017-07-13,111.8500
2017-07-14,111.8724
2017-07-15,111.8948
2017-07-16,111.9172
2017-07-17,111.9395
2017-07-18,111.9619
2017-07-19,111.9843
2017-07-20,112.0067
2017-07-21,112.0291
2017-07-22,112.0515
2017-07-23,112.0739
2017-07-24,112.0963
2017-07-25,112.1188
2017-07-26,112.1412
2017-07-27,112.1636
2017-07-28,112.1861
2017-07-29,112.2085
2017-07-30,112.2309
2017-07-31,112.2534
2017-08-01,112.2758
2017-08-02,112.2983
2017-08-03,112.3207
2017-08-04,112.3432
2017-08-05,112.3657
2017-08-06,112.3882
2017-08-07,112.4106
2017-08-08,112.4331
2017-08-09,112.4556
2017-08-10,112.4781
2017-08-11,112.5006
2017-08-12,112.5231
2017-08-13,112.5456
2017-08-14,112.5681
2017-08-15,112.5906
2017-08-16,112.6131
2017-08-17,112.6357
2017-08-18,112.6582
2017-08-19,112.6807
2017-08-20,112.7032
2017-08-21,112.7258
2017-08-22,112.7483
2017-08-23,112.7709
2017-08-24,112.7934
2017-08-25,112.8160
2017-08-26,112.8386
2017-08-27,112.8611
2017-08-28,112.8837
2017-08-29,112.9063
2017-08-30,112.9289
2017-08-31,112.9514
2017-09-01,112.9740
2017-09-02,112.9966
2017-09-03,113.0192
2017-09-04,113.0418
2017-09-05,113.0644
2017-09-06,113.0871
2017-09-07,113.1097
2017-09-08,113.1323
2017-09-09,113.1549
2017-09-10,113.1775
2017-09-11,113.2002
2017-09-12,113.2228
2017-09-13,113.2455
2017-09-14,113.2681
2017-09-15,113.2908
2017-09-16,113.3134
2017-09-17,113.3361
2017-09-18,113.3588
2017-09-19,113.3814
2017-09-20,113.4041
2017-09-21,113.4268
2017-09-22,113.4495
2017-09-23,113.4722
2017-09-24,113.4949
2017-09-25,113.5176
2017-09-26,113.5403
2017-09-27,113.5630
2017-09-28,113.5857
2017-09-29,113.6084
2017-09-30,113.6311
2017-10-01,113.6538
2017-10-02,113.6766
2017-10-03,113.6993
2017-10-04,113.7221
2017-10-05,113.7448
2017-10-06,113.7675
2017-10-07,113.7903
2017-10-08,113.8131
2017-10-09,113.8358
2017-10-10,113.8586
2017-10-11,113.8814
2017-10-12,113.9041
2017-10-13,113.9269
2017-10-14,113.9497
2017-10-15,113.9725
2017-10-16,113.9953
2017-10-17,114.0181
2017-10-18,114.0409
2017-10-19,114.0637
2017-10-20,114.0865
2017-10-21,114.1093
2017-10-22,114.1321
2017-10-23,114.1550
2017-10-24,114.1778
2017-10-25,114.2006
2017-10-26,114.2235
2017-10-27,114.2463
2017-10-28,114.2692
2017-10-29,114.2920
2017-10-30,114.3149
2017-10-31,114.3378
2017-11-01,114.3606
2017-11-02,114.3835
2017-11-03,114.4064
2017-11-04,114.4292
2017-11-05,114.4521
2017-11-06,114.4750
2017-11-07,114.4979
2017-11-08,114.5208
2017-11-09,114.5437
2017-11-10,114.5666
2017-11-11,114.5895
2017-11-12,114.6125
2017-11-13,114.6354
2017-11-14,114.6583
2017-11-15,114.6812
2017-11-16,114.7042
2017-11-17,114.7271
2017-11-18,114.7501
2017-11-19,114.7730
2017-11-20,114.7960
2017-11-21,114.8189
2017-11-22,114.8419
2017-11-23,114.8649
2017-11-24,114.8878
2017-11-25,114.9108
2017-11-26,114.9338
2017-11-27,114.9568
2017-11-28,114.9798
2017-11-29,115.0028
2017-11-30,115.0258
2017-12-01,115.0488
2017-12-02,115.0718
2017-12-03,115.0948
2017-12-04,115.1178
2017-12-05,115.1408
2017-12-06,115.1639
2017-12-07,115.1869
2017-12-08,115.2099
2017-12-09,115.2330
2017-12-10,115.2560
2017-12-11,115.2791
2017-12-12,115.3021
2017-12-13,115.3252
2017-12-14,115.3483
2017-12-15,115.3713
2017-12-16,115.3944
2017-12-17,115.4175
2017-12-18,115.4406
2017-12-19,115.4637
2017-12-20,115.4867
2017-12-21,115.5098
2017-12-22,115.5329
2017-12-23,115.5561
2017-12-24,115.5792
2017-12-25,115.6023
2017-12-26,115.6254
2017-12-27,115.6485
2017-12-28,115.6717
2017-12-29,115.6948
2017-12-30,115.7179
2017-12-31,115.7411
2018-01-01,115.7642
2018-01-02,115.7874
2018-01-03,115.8105
2018-01-04,115.8337
2018-01-05,115.8569
2018-01-06,115.8800
2018-01-07,115.9032
2018-01-08,115.9264
2018-01-09,115.9496
2018-01-10,115.9728
2018-01-11,115.9960
2018-01-12,116.0192
2018-01-13,116.0424
2018-01-14,116.0656
2018-01-15,116.0888
2018-01-16,116.1120
2018-01-17,116.1352
2018-01-18,116.1585
2018-01-19,116.1817
2018-01-20,116.2049
2018-01-21,116.2282
2018-01-22,116.2514
2018-01-23,116.2747
2018-01-24,116.2979
2018-01-25,116.3212
2018-01-26,116.3444
2018-01-27,116.3677
2018-01-28,116.3910
2018-01-29,116.4143
2018-01-30,116.4375
2018-01-31,116.4608
2018-02-01,116.4841
2018-02-02,116.5074
2018-02-03,116.5307
2018-02-04,116.5540
2018-02-05,116.5773
2018-02-06,116.6006
2018-02-07,116.6240
2018-02-08,116.6473
2018-02-09,116.6706
2018-02-10,116.6940
2018-02-11,116.7173
2018-02-12,116.7406
2018-02-13,116.7640
2018-02-14,116.7873
2018-02-15,116.8107
2018-02-16,116.8341
2018-02-17,116.8574
2018-02-18,116.8808
2018-02-19,116.9042
2018-02-20,116.9276
2018-02-21,116.9509
2018-02-22,116.9743
2018-02-23,116.9977
2018-02-24,117.0211
2018-02-25,117.0445
2018-02-26,117.0679
2018-02-27,117.0914
2018-02-28,117.1148
2018-03-01,117.1382
2018-03-02,117.1616
2018-03-03,117.1851
2018-03-04,117.2085
2018-03-05,117.2319
2018-03-06,117.2554
2018-03-07,117.2788
2018-03-08,117.3023
2018-03-09,117.3257
2018-03-10,117.3492
2018-03-11,117.3727
2018-03-12,117.3962
2018-03-13,117.4196
2018-03-14,117.4431
2018-03-15,117.4666
2018-03-16,117.4901
2018-03-17,117.5136
2018-03-18,117.5371
2018-03-19,117.5606
2018-03-20,117.5841
2018-03-21,117.6076
2018-03-22,117.6312
2018-03-23,117.6547
2018-03-24,117.6782
2018-03-25,117.7018
2018-03-26,117.7253
2018-03-27,117.7488
2018-03-28,117.7724
2018-03-29,117.7959
2018-03-30,117.8195
2018-03-31,117.8431
2018-04-01,117.8666
2018-04-02,117.8902
2018-04-03,117.9138
2018-04-04,117.9374
2018-04-05,117.9610
2018-04-06,117.9845
2018-04-07,118.0081
2018-04-08,118.0317
2018-04-09,118.0554
2018-04-10,118.0790
2018-04-11,118.1026
2018-04-12,118.1262
2018-04-13,118.1498
2018-04-14,118.1735
2018-04-15,118.1971
2018-04-16,118.2207
2018-04-17,118.2444
2018-04-18,118.2680
2018-04-19,118.2917
2018-04-20,118.3153
2018-04-21,118.3390
2018-04-22,118.3627
2018-04-23,118.3863
2018-04-24,118.4100
2018-04-25,118.4337
2018-04-26,118.4574
2018-04-27,118.4811
2018-04-28,118.5048
2018-04-29,118.5285
2018-04-30,118.5522
2018-05-01,118.5759
2018-05-02,118.5996
2018-05-03,118.6233
2018-05-04,118.6470
2018-05-05,118.6708
2018-05-06,118.6945
2018-05-07,118.7182
2018-05-08,118.7420
2018-05-09,118.7657
2018-05-10,118.7895
2018-05-11,118.8133
2018-05-12,118.8370
2018-05-13,118.8608
2018-05-14,118.8846
2018-05-15,118.9083
2018-05-16,118.9321
2018-05-17,118.9559
2018-05-18,118.9797
2018-05-19,119.0035
2018-05-20,119.0273
2018-05-21,119.0511
2018-05-22,119.0749
2018-05-23,119.0987
2018-05-24,119.1225
2018-05-25,119.1464
2018-05-26,119.1702
2018-05-27,119.1940
2018-05-28,119.2179
2018-05-29,119.2417
2018-05-30,119.2656
2018-05-31,119.2894
2018-06-01,119.3133
2018-06-02,119.3371
2018-06-03,119.3610
2018-06-04,119.3849
2018-06-05,119.4087
2018-06-06,119.4326
2018-06-07,119.4565
2018-06-08,119.4804
2018-06-09,119.5043
2018-06-10,119.5282
2018-06-11,119.5521
2018-06-12,119.5760
2018-06-13,119.5999
2018-06-14,119.6239
2018-06-15,119.6478
2018-06-16,119.6717
2018-06-17,119.6956
2018-06-18,119.7196
2018-06-19,119.7435
2018-06-20,119.7675
2018-06-21,119.7914
2018-06-22,119.8154
2018-06-23,119.8393
2018-06-24,119.8633
2018-06-25,119.8873
2018-06-26,119.9113
2018-06-27,119.9352
2018-06-28,119.9592
2018-06-29,119.9832
2018-06-30,120.0072
2018-07-01,120.0312
2018-07-02,120.0552
2018-07-03,120.0792
2018-07-04,120.1033
2018-07-05,120.1273
2018-07-06,120.1513
2018-07-07,120.1753
2018-07-08,120.1994
2018-07-09,120.2234
2018-07-10,120.2475
2018-07-11,120.2715
2018-07-12,120.2956
2018-07-13,120.3196
2018-07-14,120.3437
2018-07-15,120.3678
2018-07-16,120.3918
2018-07-17,120.4159
2018-07-18,120.4400
2018-07-19,120.4641
2018-07-20,120.4882
2018-07-21,120.5123
2018-07-22,120.5364
2018-07-23,120.5605
2018-07-24,120.5846
2018-07-25,120.6087
2018-07-26,120.6328
2018-07-27,120.6570
2018-07-28,120.6811
2018-07-29,120.7052
2018-07-30,120.7294
2018-07-31,120.7535
2018-08-01,120.7777
2018-08-02,120.8018
2018-08-03,120.8260
2018-08-04,120.8501
2018-08-05,120.8743
2018-08-06,120.8985
2018-08-07,120.9227
2018-08-08,120.9468
2018-08-09,120.9710
2018-08-10,120.9952
2018-08-11,121.0194
2018-08-12,121.0436
2018-08-13,121.0678
2018-08-14,121.0921
2018-08-15,121.1163
2018-08-16,121.1405
2018-08-17,121.1647
2018-08-18,121.1890
2018-08-19,121.2132
2018-08-20,121.2374
2018-08-21,121.2617
2018-08-22,121.2859
2018-08-23,121.3102
2018-08-24,121.3345
2018-08-25,121.3587
2018-08-26,121.3830
2018-08-27,121.4073
2018-08-28,121.4316
2018-08-29,121.4558
2018-08-30,121.4801
2018-08-31,121.5044
2018-09-01,121.5287
2018-09-02,121.5530
2018-09-03,121.5773
2018-09-04,121.6017
2018-09-05,121.6260
2018-09-06,121.6503
2018-09-07,121.6746
2018-09-08,121.6990
2018-09-09,121.7233
2018-09-10,121.7477
2018-09-11,121.7720
2018-09-12,121.7964
2018-09-13,121.8207
2018-09-14,121.8451
2018-09-15,121.8695
2018-09-16,121.8938
2018-09-17,121.9182
2018-09-18,121.9426
2018-09-19,121.9670
2018-09-20,121.9914
2018-09-21,122.0158
2018-09-22,122.0402
2018-09-23,122.0646
2018-09-24,122.0890
2018-09-25,122.1134
2018-09-26,122.1378
2018-09-27,122.1623
2018-09-28,122.1867
2018-09-29,122.2111
2018-09-30,122.2356
2018-10-01,122.2600
2018-10-02,122.2845
2018-10-03,122.3089
2018-10-04,122.3334
2018-10-05,122.3579
2018-10-06,122.3823
2018-10-07,122.4068
2018-10-08,122.4313
2018-10-09,122.4558
2018-10-10,122.4803
2018-10-11,122.5048
2018-10-12,122.5293
2018-10-13,122.5538
2018-10-14,122.5783
2018-10-15,122.6028
2018-10-16,122.6273
2018-10-17,122.6518
2018-10-18,122.6764
2018-10-19,122.7009
2018-10-20,122.7254
2018-10-21,122.7500
2018-10-22,122.7745
2018-10-23,122.7991
2018-10-24,122.8237
2018-10-25,122.8482
2018-10-26,122.8728
2018-10-27,122.8974
2018-10-28,122.9219
2018-10-29,122.9465
2018-10-30,122.9711
2018-10-31,122.9957
2018-11-01,123.0203
2018-11-02,123.0449
2018-11-03,123.0695
2018-11-04,123.0941
2018-11-05,123.1188
2018-11-06,123.1434
2018-11-07,123.1680
2018-11-08,123.1926
2018-11-09,123.2173
2018-11-10,123.2419
2018-11-11,123.2666
2018-11-12,123.2912
2018-11-13,123.3159
2018-11-14,123.3405
2018-11-15,123.3652
2018-11-16,123.3899
2018-11-17,123.4146
2018-11-18,123.4392
2018-11-19,123.4639
2018-11-20,123.4886
2018-11-21,123.5133
2018-11-22,123.5380
2018-11-23,123.5627
2018-11-24,123.5875
2018-11-25,123.6122
2018-11-26,123.6369
2018-11-27,123.6616
2018-11-28,123.6864
2018-11-29,123.7111
2018-11-30,123.7358
2018-12-01,123.7606
2018-12-02,123.7853
2018-12-03,123.8101
2018-12-04,123.8348
2018-12-05,123.8596
2018-12-06,123.8844
2018-12-07,123.9092
2018-12-08,123.9339
2018-12-09,123.9587
2018-12-10,123.9835
2018-12-11,124.0083
2018-12-12,124.0331
2018-12-13,124.0579
2018-12-14,124.0827
2018-12-15,124.1076
2018-12-16,124.1324
2018-12-17,124.1572
2018-12-18,124.1820
2018-12-19,124.2069
2018-12-20,124.2317
2018-12-21,124.2566
2018-12-22,124.2814
2018-12-23,124.3063
2018-12-24,124.3311
2018-12-25,124.3560
2018-12-26,124.3809
2018-12-27,124.4057
2018-12-28,124.4306
2018-12-29,124.4555
2018-12-30,124.4804
2018-12-31,124.5053
2019-01-01,124.5302
2019-01-02,124.5551
2019-01-03,124.5800
2019-01-04,124.6049
2019-01-05,124.6299
2019-01-06,124.6548
2019-01-07,124.6797
2019-01-08,124.7046
2019-01-09,124.7296
2019-01-10,124.7545
2019-01-11,124.7795
2019-01-12,124.8044
2019-01-13,124.8294
2019-01-14,124.8544
2019-01-15,124.8793
2019-01-16,124.9043
2019-01-17,124.9293
2019-01-18,124.9543
2019-01-19,124.9793
2019-01-20,125.0043
2019-01-21,125.0293
2019-01-22,125.0543
2019-01-23,125.0793
2019-01-24,125.1043
2019-01-25,125.1293
2019-01-26,125.1543
2019-01-27,125.1794
2019-01-28,125.2044
2019-01-29,125.2295
2019-01-30,125.2545
2019-01-31,125.2796
2019-02-01,125.3046
2019-02-02,125.3297
2019-02-03,125.3547
2019-02-04,125.3798
2019-02-05,125.4049
2019-02-06,125.4300
2019-02-07,125.4550
2019-02-08,125.4801
2019-02-09,125.5052
2019-02-10,125.5303
2019-02-11,125.5554
2019-02-12,125.5806
2019-02-13,125.6057
2019-02-14,125.6308
2019-02-15,125.6559
2019-02-16,125.6810
2019-02-17,125.7062
2019-02-18,125.7313
2019-02-19,125.7565
2019-02-20,125.7816
2019-02-21,125.8068
2019-02-22,125.8319
2019-02-23,125.8571
2019-02-24,125.8823
2019-02-25,125.9075
2019-02-26,125.9326
2019-02-27,125.9578
2019-02-28,125.9830
2019-03-01,126.0082
2019-03-02,126.0334
2019-03-03,126.0586
2019-03-04,126.0838
2019-03-05,126.1090
2019-03-06,126.1343
2019-03-07,126.1595
2019-03-08,126.1847
2019-03-09,126.2100
2019-03-10,126.2352
2019-03-11,126.2605
2019-03-12,126.2857
2019-03-13,126.3110
2019-03-14,126.3362
2019-03-15,126.3615
2019-03-16,126.3868
2019-03-17,126.4120
2019-03-18,126.4373
2019-03-19,126.4626
2019-03-20,126.4879
2019-03-21,126.5132
2019-03-22,126.5385
2019-03-23,126.5638
2019-03-24,126.5891
2019-03-25,126.6144
2019-03-26,126.6398
2019-03-27,126.6651
2019-03-28,126.6904
2019-03-29,126.7158
2019-03-30,126.7411
2019-03-31,126.7665
2019-04-01,126.7918
2019-04-02,126.8172
2019-04-03,126.8425
2019-04-04,126.8679
2019-04-05,126.8933
2019-04-06,126.9187
2019-04-07,126.9440
2019-04-08,126.9694
2019-04-09,126.9948
2019-04-10,127.0202
2019-04-11,127.0456
2019-04-12,127.0710
2019-04-13,127.0964
2019-04-14,127.1219
2019-04-15,127.1473
2019-04-16,127.1727
2019-04-17,127.1982
2019-04-18,127.2236
2019-04-19,127.2490
2019-04-20,127.2745
2019-04-21,127.2999
2019-04-22,127.3254
2019-04-23,127.3509
2019-04-24,127.3763
2019-04-25,127.4018
2019-04-26,127.4273
2019-04-27,127.4528
2019-04-28,127.4783
2019-04-29,127.5038
2019-04-30,127.5293
2019-05-01,127.5548
2019-05-02,127.5803
2019-05-03,127.6058
2019-05-04,127.6313
2019-05-05,127.6568
2019-05-06,127.6824
2019-05-07,127.7079
2019-05-08,127.7335
2019-05-09,127.7590
2019-05-10,127.7846
2019-05-11,127.8101
2019-05-12,127.8357
2019-05-13,127.8612
2019-05-14,127.8868
2019-05-15,127.9124
2019-05-16,127.9380
2019-05-17,127.9636
2019-05-18,127.9892
2019-05-19,128.0147
2019-05-20,128.0404
2019-05-21,128.0660
2019-05-22,128.0916
2019-05-23,128.1172
2019-05-24,128.1428
2019-05-25,128.1684
2019-05-26,128.1941
2019-05-27,128.2197
2019-05-28,128.2454
2019-05-29,128.2710
2019-05-30,128.2967
2019-05-31,128.3223
2019-06-01,128.3480
2019-06-02,128.3737
2019-06-03,128.3993
2019-06-04,128.4250
2019-06-05,128.4507
2019-06-06,128.4764
2019-06-07,128.5021
2019-06-08,128.5278
2019-06-09,128.5535
2019-06-10,128.5792
2019-06-11,128.6049
2019-06-12,128.6306
2019-06-13,128.6564
2019-06-14,128.6821
2019-06-15,128.7078
2019-06-16,128.7336
2019-06-17,128.7593
2019-06-18,128.7851
2019-06-19,128.8108
2019-06-20,128.8366
2019-06-21,128.8624
2019-06-22,128.8881
2019-06-23,128.9139
2019-06-24,128.9397
2019-06-25,128.9655
2019-06-26,128.9913
2019-06-27,129.0171
2019-06-28,129.0429
2019-06-29,129.0687
2019-06-30,129.0945
2019-07-01,129.1203
2019-07-02,129.1461
2019-07-03,129.1720
2019-07-04,129.1978
2019-07-05,129.2236
2019-07-06,129.2495
2019-07-07,129.2753
2019-07-08,129.3012
2019-07-09,129.3271
2019-07-10,129.3529
2019-07-11,129.3788
2019-07-12,129.4047
2019-07-13,129.4305
2019-07-14,129.4564
2019-07-15,129.4823
2019-07-16,129.5082
2019-07-17,129.5341
2019-07-18,129.5600
2019-07-19,129.5859
2019-07-20,129.6119
2019-07-21,129.6378
2019-07-22,129.6637
2019-07-23,129.6896
2019-07-24,129.7156
2019-07-25,129.7415
2019-07-26,129.7675
2019-07-27,129.7934
2019-07-28,129.8194
2019-07-29,129.8453
2019-07-30,129.8713
2019-07-31,129.8973
2019-08-01,129.9233
2019-08-02,129.9492
2019-08-03,129.9752
2019-08-04,130.0012
2019-08-05,130.0272
2019-08-06,130.0532
2019-08-07,130.0793
2019-08-08,130.1053
2019-08-09,130.1313
2019-08-10,130.1573
2019-08-11,130.1833
2019-08-12,130.2094
2019-08-13,130.2354
2019-08-14,130.2615
2019-08-15,130.2875
2019-08-16,130.3136
2019-08-17,130.3396
2019-08-18,130.3657
2019-08-19,130.3918
2019-08-20,130.4179
2019-08-21,130.4439
2019-08-22,130.4700
2019-08-23,130.4961
2019-08-24,130.5222
2019-08-25,130.5483
2019-08-26,130.5744
2019-08-27,130.6006
2019-08-28,130.6267
2019-08-29,130.6528
2019-08-30,130.6789
2019-08-31,130.7051
2019-09-01,130.7312
2019-09-02,130.7574
2019-09-03,130.7835
2019-09-04,130.8097
2019-09-05,130.8358
2019-09-06,130.8620
2019-09-07,130.8882
2019-09-08,130.9143
2019-09-09,130.9405
2019-09-10,130.9667
2019-09-11,130.9929
2019-09-12,131.0191
2019-09-13,131.0453
2019-09-14,131.0715
2019-09-15,131.0977
2019-09-16,131.1240
2019-09-17,131.1502
2019-09-18,131.1764
2019-09-19,131.2026
2019-09-20,131.2289
2019-09-21,131.2551
2019-09-22,131.2814
2019-09-23,131.3076
2019-09-24,131.3339
2019-09-25,131.3602
2019-09-26,131.3864
2019-09-27,131.4127
2019-09-28,131.4390
2019-09-29,131.4653
2019-09-30,131.4916
2019-10-01,131.5179
2019-10-02,131.5442
2019-10-03,131.5705
2019-10-04,131.5968
2019-10-05,131.6231
2019-10-06,131.6494
2019-10-07,131.6758
2019-10-08,131.7021
2019-10-09,131.7285
2019-10-10,131.7548
2019-10-11,131.7811
2019-10-12,131.8075
2019-10-13,131.8339
2019-10-14,131.8602
2019-10-15,131.8866
2019-10-16,131.9130
2019-10-17,131.9394
2019-10-18,131.9658
2019-10-19,131.9921
2019-10-20,132.0185
2019-10-21,132.0449
2019-10-22,132.0714
2019-10-23,132.0978
2019-10-24,132.1242
2019-10-25,132.1506
2019-10-26,132.1770
2019-10-27,132.2035
2019-10-28,132.2299
2019-10-29,132.2564
2019-10-30,132.2828
2019-10-31,132.3093
2019-11-01,132.3357
2019-11-02,132.3622
2019-11-03,132.3887
2019-11-04,132.4152
2019-11-05,132.4416
2019-11-06,132.4681
2019-11-07,132.4946
2019-11-08,132.5211
2019-11-09,132.5476
2019-11-10,132.5741
2019-11-11,132.6006
2019-11-12,132.6272
2019-11-13,132.6537
2019-11-14,132.6802
2019-11-15,132.7068
2019-11-16,132.7333
2019-11-17,132.7598
2019-11-18,132.7864
2019-11-19,132.8130
2019-11-20,132.8395
2019-11-21,132.8661
2019-11-22,132.8927
2019-11-23,132.9192
2019-11-24,132.9458
2019-11-25,132.9724
2019-11-26,132.9990
2019-11-27,133.0256
2019-11-28,133.0522
2019-11-29,133.0788
2019-11-30,133.1054
2019-12-01,133.1321
2019-12-02,133.1587
2019-12-03,133.1853
2019-12-04,133.2120
2019-12-05,133.2386
2019-12-06,133.2652
2019-12-07,133.2919
2019-12-08,133.3186
2019-12-09,133.3452
2019-12-10,133.3719
2019-12-11,133.3986
2019-12-12,133.4252
2019-12-13,133.4519
2019-12-14,133.4786
2019-12-15,133.5053
2019-12-16,133.5320
2019-12-17,133.5587
2019-12-18,133.5854
2019-12-19,133.6122
2019-12-20,133.6389
2019-12-21,133.6656
2019-12-22,133.6923
2019-12-23,133.7191
2019-12-24,133.7458
2019-12-25,133.7726
2019-12-26,133.7993
2019-12-27,133.8261
2019-12-28,133.8528
2019-12-29,133.8796
2019-12-30,133.9064
2019-12-31,133.9332
2020-01-01,133.9198
2020-01-02,133.9064
2020-01-03,133.8930
2020-01-04,133.8796
2020-01-05,133.8662
2020-01-06,133.8528
2020-01-07,133.8394
2020-01-08,133.8261
2020-01-09,133.8127
2020-01-10,133.7993
2020-01-11,133.7859
2020-01-12,133.7725
2020-01-13,133.7592
2020-01-14,133.7458
2020-01-15,133.7324
2020-01-16,133.7190
2020-01-17,133.7057
2020-01-18,133.6923
2020-01-19,133.6789
2020-01-20,133.6656
2020-01-21,133.6522
2020-01-22,133.6388
2020-01-23,133.6255
2020-01-24,133.6121
2020-01-25,133.5987
2020-01-26,133.5854
2020-01-27,133.5720
2020-01-28,133.5587
2020-01-29,133.5453
2020-01-30,133.5320
2020-01-31,133.5186
2020-02-01,133.5053
2020-02-02,133.4919
2020-02-03,133.4786
2020-02-04,133.4652
2020-02-05,133.4519
2020-02-06,133.4385
2020-02-07,133.4252
2020-02-08,133.4118
2020-02-09,133.3985
2020-02-10,133.3851
2020-02-11,133.3718
2020-02-12,133.3585
2020-02-13,133.3451
2020-02-14,133.3318
2020-02-15,133.3185
2020-02-16,133.3051
2020-02-17,133.2918
2020-02-18,133.2785
2020-02-19,133.2651
2020-02-20,133.2518
2020-02-21,133.2385
2020-02-22,133.2252
2020-02-23,133.2118
2020-02-24,133.1985
2020-02-25,133.1852
2020-02-26,133.1719
2020-02-27,133.1586
2020-02-28,133.1453
2020-02-29,133.1319
2020-03-01,133.1186
2020-03-02,133.1053
2020-03-03,133.0920
2020-03-04,133.0787
2020-03-05,133.0654
2020-03-06,133.0521
2020-03-07,133.0388
2020-03-08,133.0255
2020-03-09,133.0122
2020-03-10,132.9989
2020-03-11,132.9856
2020-03-12,132.9723
2020-03-13,132.9590
2020-03-14,132.9457
2020-03-15,132.9324
2020-03-16,132.9191
2020-03-17,132.9058
2020-03-18,132.8925
2020-03-19,132.8792
2020-03-20,132.8659
2020-03-21,132.8526
2020-03-22,132.8394
2020-03-23,132.8261
2020-03-24,132.8128
2020-03-25,132.7995
2020-03-26,132.7862
2020-03-27,132.7730
2020-03-28,132.7597
2020-03-29,132.7464
2020-03-30,132.7331
2020-03-31,132.7198
2020-04-01,132.7066
2020-04-02,132.6933
2020-04-03,132.6800
2020-04-04,132.6668
2020-04-05,132.6535
2020-04-06,132.6402
2020-04-07,132.6270
2020-04-08,132.6137
2020-04-09,132.6004
2020-04-10,132.5872
2020-04-11,132.5739
2020-04-12,132.5607
2020-04-13,132.5474
2020-04-14,132.5342
2020-04-15,132.5209
2020-04-16,132.5077
2020-04-17,132.4944
2020-04-18,132.4812
2020-04-19,132.4679
2020-04-20,132.4547
2020-04-21,132.4414
2020-04-22,132.4282
2020-04-23,132.4149
2020-04-24,132.4017
2020-04-25,132.3884
2020-04-26,132.3752
2020-04-27,132.3620
2020-04-28,132.3487
2020-04-29,132.3355
2020-04-30,132.3223
2020-05-01,132.3090
2020-05-02,132.2958
2020-05-03,132.2826
2020-05-04,132.2693
2020-05-05,132.2561
2020-05-06,132.2429
2020-05-07,132.2297
2020-05-08,132.2164
2020-05-09,132.2032
2020-05-10,132.1900
2020-05-11,132.1768
2020-05-12,132.1636
2020-05-13,132.1504
2020-05-14,132.1371
2020-05-15,132.1239
2020-05-16,132.1107
2020-05-17,132.0975
2020-05-18,132.0843
2020-05-19,132.0711
2020-05-20,132.0579
2020-05-21,132.0447
2020-05-22,132.0315
2020-05-23,132.0183
2020-05-24,132.0051
2020-05-25,131.9919
2020-05-26,131.9787
2020-05-27,131.9655
2020-05-28,131.9523
2020-05-29,131.9391
2020-05-30,131.9259
2020-05-31,131.9127
2020-06-01,131.8995
2020-06-02,131.8863
2020-06-03,131.8731
2020-06-04,131.8599
2020-06-05,131.8467
2020-06-06,131.8336
2020-06-07,131.8204
2020-06-08,131.8072
2020-06-09,131.7940
2020-06-10,131.7808
2020-06-11,131.7677
2020-06-12,131.7545
2020-06-13,131.7413
2020-06-14,131.7281
2020-06-15,131.7150
2020-06-16,131.7018
2020-06-17,131.6886
2020-06-18,131.6754
2020-06-19,131.6623
2020-06-20,131.6491
2020-06-21,131.6359
2020-06-22,131.6228
2020-06-23,131.6096
2020-06-24,131.5965
2020-06-25,131.5833
2020-06-26,131.5701
2020-06-27,131.5570
2020-06-28,131.5438
2020-06-29,131.5307
2020-06-30,131.5175
2020-07-01,131.5044
2020-07-02,131.4912
2020-07-03,131.4781
2020-07-04,131.4649
2020-07-05,131.4518
2020-07-06,131.4386
2020-07-07,131.4255
2020-07-08,131.4123
2020-07-09,131.3992
2020-07-10,131.3861
2020-07-11,131.3729
2020-07-12,131.3598
2020-07-13,131.3466
2020-07-14,131.3335
2020-07-15,131.3204
2020-07-16,131.3072
2020-07-17,131.2941
2020-07-18,131.2810
2020-07-19,131.2679
2020-07-20,131.2547
2020-07-21,131.2416
2020-07-22,131.2285
2020-07-23,131.2154
2020-07-24,131.2022
2020-07-25,131.1891
2020-07-26,131.1760
2020-07-27,131.1629
2020-07-28,131.1498
2020-07-29,131.1367
2020-07-30,131.1235
2020-07-31,131.1104
2020-08-01,131.0973
2020-08-02,131.0842
2020-08-03,131.0711
2020-08-04,131.0580
2020-08-05,131.0449
2020-08-06,131.0318
2020-08-07,131.0187
2020-08-08,131.0056
2020-08-09,130.9925
2020-08-10,130.9794
2020-08-11,130.9663
2020-08-12,130.9532
2020-08-13,130.9401
2020-08-14,130.9270
2020-08-15,130.9139
2020-08-16,130.9008
2020-08-17,130.8877
2020-08-18,130.8746
2020-08-19,130.8615
2020-08-20,130.8485
2020-08-21,130.8354
2020-08-22,130.8223
2020-08-23,130.8092
2020-08-24,130.7961
2020-08-25,130.7830
2020-08-26,130.7700
2020-08-27,130.7569
2020-08-28,130.7438
2020-08-29,130.7307
2020-08-30,130.7177
2020-08-31,130.7046
2020-09-01,130.6915
2020-09-02,130.6785
2020-09-03,130.6654
2020-09-04,130.6523
2020-09-05,130.6393
2020-09-06,130.6262
2020-09-07,130.6131
2020-09-08,130.6001
2020-09-09,130.5870
2020-09-10,130.5739
2020-09-11,130.5609
2020-09-12,130.5478
2020-09-13,130.5348
2020-09-14,130.5217
2020-09-15,130.5087
2020-09-16,130.4956
2020-09-17,130.4826
2020-09-18,130.4695
2020-09-19,130.4565
2020-09-20,130.4434
2020-09-21,130.4304
2020-09-22,130.4173
2020-09-23,130.4043
2020-09-24,130.3913
2020-09-25,130.3782
2020-09-26,130.3652
2020-09-27,130.3521
2020-09-28,130.3391
2020-09-29,130.3261
2020-09-30,130.3130
2020-10-01,130.3000
2020-10-02,130.2870
2020-10-03,130.2740
2020-10-04,130.2609
2020-10-05,130.2479
2020-10-06,130.2349
2020-10-07,130.2219
2020-10-08,130.2088
2020-10-09,130.1958
2020-10-10,130.1828
2020-10-11,130.1698
2020-10-12,130.1568
2020-10-13,130.1437
2020-10-14,130.1307
2020-10-15,130.1177
2020-10-16,130.1047
2020-10-17,130.0917
2020-10-18,130.0787
2020-10-19,130.0657
2020-10-20,130.0527
2020-10-21,130.0397
2020-10-22,130.0267
2020-10-23,130.0137
2020-10-24,130.0007
2020-10-25,129.9877
2020-10-26,129.9747
2020-10-27,129.9617
2020-10-28,129.9487
2020-10-29,129.9357
2020-10-30,129.9227
2020-10-31,129.9097
2020-11-01,129.8967
2020-11-02,129.8837
2020-11-03,129.8707
2020-11-04,129.8577
2020-11-05,129.8447
2020-11-06,129.8318
2020-11-07,129.8188
2020-11-08,129.8058
2020-11-09,129.7928
2020-11-10,129.7798
2020-11-11,129.7669
2020-11-12,129.7539
2020-11-13,129.7409
2020-11-14,129.7279
2020-11-15,129.7150
2020-11-16,129.7020
2020-11-17,129.6890
2020-11-18,129.6760
2020-11-19,129.6631
2020-11-20,129.6501
2020-11-21,129.6371
2020-11-22,129.6242
2020-11-23,129.6112
2020-11-24,129.5983
2020-11-25,129.5853
2020-11-26,129.5723
2020-11-27,129.5594
2020-11-28,129.5464
2020-11-29,129.5335
2020-11-30,129.5205
2020-12-01,129.5076
2020-12-02,129.4946
2020-12-03,129.4817
2020-12-04,129.4687
2020-12-05,129.4558
2020-12-06,129.4428
2020-12-07,129.4299
2020-12-08,129.4169
2020-12-09,129.4040
2020-12-10,129.3911
2020-12-11,129.3781
2020-12-12,129.3652
2020-12-13,129.3522
2020-12-14,129.3393
2020-12-15,129.3264
2020-12-16,129.3134
2020-12-17,129.3005
2020-12-18,129.2876
2020-12-19,129.2746
2020-12-20,129.2617
2020-12-21,129.2488
2020-12-22,129.2359
2020-12-23,129.2229
2020-12-24,129.2100
2020-12-25,129.1971
2020-12-26,129.1842
2020-12-27,129.1713
2020-12-28,129.1583
2020-12-29,129.1454
2020-12-30,129.1325
2020-12-31,129.1196
2021-01-01,129.1067
2021-01-02,129.0938
2021-01-03,129.0809
2021-01-04,129.0680
2021-01-05,129.0551
2021-01-06,129.0422
2021-01-07,129.0292
2021-01-08,129.0163
2021-01-09,129.0034
2021-01-10,128.9905
2021-01-11,128.9776
2021-01-12,128.9647
2021-01-13,128.9518
2021-01-14,128.9390
2021-01-15,128.9261
2021-01-16,128.9132
2021-01-17,128.9003
2021-01-18,128.8874
2021-01-19,128.8745
2021-01-20,128.8616
2021-01-21,128.8487
2021-01-22,128.8358
2021-01-23,128.8230
2021-01-24,128.8101
2021-01-25,128.7972
2021-01-26,128.7843
2021-01-27,128.7714
2021-01-28,128.7586
2021-01-29,128.7457
2021-01-30,128.7328
2021-01-31,128.7199
2021-02-01,128.7071
2021-02-02,128.6942
2021-02-03,128.6813
2021-02-04,128.6685
2021-02-05,128.6556
2021-02-06,128.6427
2021-02-07,128.6299
2021-02-08,128.6170
2021-02-09,128.6041
2021-02-10,128.5913
2021-02-11,128.5784
2021-02-12,128.5656
2021-02-13,128.5527
2021-02-14,128.5398
2021-02-15,128.5270
2021-02-16,128.5141
2021-02-17,128.5013
2021-02-18,128.4884
2021-02-19,128.4756
2021-02-20,128.4627
2021-02-21,128.4499
2021-02-22,128.4370
2021-02-23,128.4242
2021-02-24,128.4114
2021-02-25,128.3985
2021-02-26,128.3857
2021-02-27,128.3728
2021-02-28,128.3600
2021-03-01,128.3472
2021-03-02,128.3343
2021-03-03,128.3215
2021-03-04,128.3087
2021-03-05,128.2958
2021-03-06,128.2830
2021-03-07,128.2702
2021-03-08,128.2574
2021-03-09,128.2445
2021-03-10,128.2317
2021-03-11,128.2189
2021-03-12,128.2061
2021-03-13,128.1932
2021-03-14,128.1804
2021-03-15,128.1676
2021-03-16,128.1548
2021-03-17,128.1420
2021-03-18,128.1292
2021-03-19,128.1163
2021-03-20,128.1035
2021-03-21,128.0907
2021-03-22,128.0779
2021-03-23,128.0651
2021-03-24,128.0523
2021-03-25,128.0395
2021-03-26,128.0267
2021-03-27,128.0139
2021-03-28,128.0011
2021-03-29,127.9883
2021-03-30,127.9755
2021-03-31,127.9627
2021-04-01,127.9499
2021-04-02,127.9371
2021-04-03,127.9243
2021-04-04,127.9115
2021-04-05,127.8987
2021-04-06,127.8859
2021-04-07,127.8731
2021-04-08,127.8603
2021-04-09,127.8476
2021-04-10,127.8348
2021-04-11,127.8220
2021-04-12,127.8092
2021-04-13,127.7964
2021-04-14,127.7837
2021-04-15,127.7709
2021-04-16,127.7581
2021-04-17,127.7453
2021-04-18,127.7325
2021-04-19,127.7198
2021-04-20,127.7070
2021-04-21,127.6942
2021-04-22,127.6815
2021-04-23,127.6687
2021-04-24,127.6559
2021-04-25,127.6432
2021-04-26,127.6304
2021-04-27,127.6176
2021-04-28,127.6049
2021-04-29,127.5921
2021-04-30,127.5794
2021-05-01,127.5666
2021-05-02,127.5538
2021-05-03,127.5411
2021-05-04,127.5283
2021-05-05,127.5156
2021-05-06,127.5028
2021-05-07,127.4901
2021-05-08,127.4773
2021-05-09,127.4646
2021-05-10,127.4518
2021-05-11,127.4391
2021-05-12,127.4263
2021-05-13,127.4136
2021-05-14,127.4009
2021-05-15,127.3881
2021-05-16,127.3754
2021-05-17,127.3626
2021-05-18,127.3499
2021-05-19,127.3372
2021-05-20,127.3244
2021-05-21,127.3117
2021-05-22,127.2990
2021-05-23,127.2862
2021-05-24,127.2735
2021-05-25,127.2608
2021-05-26,127.2481
2021-05-27,127.2353
2021-05-28,127.2226
2021-05-29,127.2099
2021-05-30,127.1972
2021-05-31,127.1844
2021-06-01,127.1717
2021-06-02,127.1590
2021-06-03,127.1463
2021-06-04,127.1336
2021-06-05,127.1209
2021-06-06,127.1082
2021-06-07,127.0954
2021-06-08,127.0827
2021-06-09,127.0700
2021-06-10,127.0573
2021-06-11,127.0446
2021-06-12,127.0319
2021-06-13,127.0192
2021-06-14,127.0065
2021-06-15,126.9938
2021-06-16,126.9811
2021-06-17,126.9684
2021-06-18,126.9557
2021-06-19,126.9430
2021-06-20,126.9303
2021-06-21,126.9176
2021-06-22,126.9049
2021-06-23,126.8922
2021-06-24,126.8796
2021-06-25,126.8669
2021-06-26,126.8542
2021-06-27,126.8415
2021-06-28,126.8288
2021-06-29,126.8161
2021-06-30,126.8034
2021-07-01,126.7908
2021-07-02,126.7781
2021-07-03,126.7654
2021-07-04,126.7527
2021-07-05,126.7401
2021-07-06,126.7274
2021-07-07,126.7147
2021-07-08,126.7020
2021-07-09,126.6894
2021-07-10,126.6767
2021-07-11,126.6640
2021-07-12,126.6514
2021-07-13,126.6387
2021-07-14,126.6260
2021-07-15,126.6134
2021-07-16,126.6007
2021-07-17,126.5881
2021-07-18,126.5754
2021-07-19,126.5627
2021-07-20,126.5501
2021-07-21,126.5374
2021-07-22,126.5248
2021-07-23,126.5121
2021-07-24,126.4995
2021-07-25,126.4868
2021-07-26,126.4742
2021-07-27,126.4615
2021-07-28,126.4489
2021-07-29,126.4362
2021-07-30,126.4236
2021-07-31,126.4109
2021-08-01,126.3983
2021-08-02,126.3857
2021-08-03,126.3730
2021-08-04,126.3604
2021-08-05,126.3478
2021-08-06,126.3351
2021-08-07,126.3225
2021-08-08,126.3099
2021-08-09,126.2972
2021-08-10,126.2846
2021-08-11,126.2720
2021-08-12,126.2593
2021-08-13,126.2467
2021-08-14,126.2341
2021-08-15,126.2215
2021-08-16,126.2088
2021-08-17,126.1962
2021-08-18,126.1836
2021-08-19,126.1710
2021-08-20,126.1584
2021-08-21,126.1457
2021-08-22,126.1331
2021-08-23,126.1205
2021-08-24,126.1079
2021-08-25,126.0953
2021-08-26,126.0827
2021-08-27,126.0701
2021-08-28,126.0575
2021-08-29,126.0449
2021-08-30,126.0323
2021-08-31,126.0197
2021-09-01,126.0071
2021-09-02,125.9945
2021-09-03,125.9819
2021-09-04,125.9693
2021-09-05,125.9567
2021-09-06,125.9441
2021-09-07,125.9315
2021-09-08,125.9189
2021-09-09,125.9063
2021-09-10,125.8937
2021-09-11,125.8811
2021-09-12,125.8685
2021-09-13,125.8559
2021-09-14,125.8433
2021-09-15,125.8308
2021-09-16,125.8182
2021-09-17,125.8056
2021-09-18,125.7930
2021-09-19,125.7804
2021-09-20,125.7679
2021-09-21,125.7553
2021-09-22,125.7427
2021-09-23,125.7301
2021-09-24,125.7176
2021-09-25,125.7050
2021-09-26,125.6924
2021-09-27,125.6798
2021-09-28,125.6673
2021-09-29,125.6547
2021-09-30,125.6421
2021-10-01,125.6296
2021-10-02,125.6170
2021-10-03,125.6045
2021-10-04,125.5919
2021-10-05,125.5793
2021-10-06,125.5668
2021-10-07,125.5542
2021-10-08,125.5417
2021-10-09,125.5291
2021-10-10,125.5166
2021-10-11,125.5040
2021-10-12,125.4915
2021-10-13,125.4789
2021-10-14,125.4664
2021-10-15,125.4538
2021-10-16,125.4413
2021-10-17,125.4287
2021-10-18,125.4162
2021-10-19,125.4036
2021-10-20,125.3911
2021-10-21,125.3786
2021-10-22,125.3660
2021-10-23,125.3535
2021-10-24,125.3410
2021-10-25,125.3284
2021-10-26,125.3159
2021-10-27,125.3034
2021-10-28,125.2908
2021-10-29,125.2783
2021-10-30,125.2658
2021-10-31,125.2532
2021-11-01,125.2407
2021-11-02,125.2282
2021-11-03,125.2157
2021-11-04,125.2031
2021-11-05,125.1906
2021-11-06,125.1781
2021-11-07,125.1656
2021-11-08,125.1531
2021-11-09,125.1406
2021-11-10,125.1280
2021-11-11,125.1155
2021-11-12,125.1030
2021-11-13,125.0905
2021-11-14,125.0780
2021-11-15,125.0655
2021-11-16,125.0530
2021-11-17,125.0405
2021-11-18,125.0280
2021-11-19,125.0155
2021-11-20,125.0030
2021-11-21,124.9905
2021-11-22,124.9780
2021-11-23,124.9655
2021-11-24,124.9530
2021-11-25,124.9405
2021-11-26,124.9280
2021-11-27,124.9155
2021-11-28,124.9030
2021-11-29,124.8905
2021-11-30,124.8780
2021-12-01,124.8655
2021-12-02,124.8531
2021-12-03,124.8406
2021-12-04,124.8281
2021-12-05,124.8156
2021-12-06,124.8031
2021-12-07,124.7906
2021-12-08,124.7782
2021-12-09,124.7657
2021-12-10,124.7532
2021-12-11,124.7407
2021-12-12,124.7283
2021-12-13,124.7158
2021-12-14,124.7033
2021-12-15,124.6908
2021-12-16,124.6784
2021-12-17,124.6659
2021-12-18,124.6534
2021-12-19,124.6410
2021-12-20,124.6285
2021-12-21,124.6160
2021-12-22,124.6036
2021-12-23,124.5911
2021-12-24,124.5787
2021-12-25,124.5662
2021-12-26,124.5537
2021-12-27,124.5413
2021-12-28,124.5288
2021-12-29,124.5164
2021-12-30,124.5039
2021-12-31,124.4915
2022-01-01,124.4790
2022-01-02,124.4666
2022-01-03,124.4541
2022-01-04,124.4417
2022-01-05,124.4293
2022-01-06,124.4168
2022-01-07,124.4044
2022-01-08,124.3919
2022-01-09,124.3795
2022-01-10,124.3670
2022-01-11,124.3546
2022-01-12,124.3422
2022-01-13,124.3297
2022-01-14,124.3173
2022-01-15,124.3049
2022-01-16,124.2924
2022-01-17,124.2800
2022-01-18,124.2676
2022-01-19,124.2552
2022-01-20,124.2427
2022-01-21,124.2303
2022-01-22,124.2179
2022-01-23,124.2055
2022-01-24,124.1930
2022-01-25,124.1806
2022-01-26,124.1682
2022-01-27,124.1558
2022-01-28,124.1434
2022-01-29,124.1310
2022-01-30,124.1186
2022-01-31,124.1061
2022-02-01,124.0937
2022-02-02,124.0813
2022-02-03,124.0689
2022-02-04,124.0565
2022-02-05,124.0441
2022-02-06,124.0317
2022-02-07,124.0193
2022-02-08,124.0069
2022-02-09,123.9945
2022-02-10,123.9821
2022-02-11,123.9697
2022-02-12,123.9573
2022-02-13,123.9449
2022-02-14,123.9325
2022-02-15,123.9201
2022-02-16,123.9077
2022-02-17,123.8953
2022-02-18,123.8829
2022-02-19,123.8705
2022-02-20,123.8582
2022-02-21,123.8458
2022-02-22,123.8334
2022-02-23,123.8210
2022-02-24,123.8086
2022-02-25,123.7962
2022-02-26,123.7839
2022-02-27,123.7715
2022-02-28,123.7591
2022-03-01,123.7467
2022-03-02,123.7344
2022-03-03,123.7220
2022-03-04,123.7096
2022-03-05,123.6972
2022-03-06,123.6849
2022-03-07,123.6725
2022-03-08,123.6601
2022-03-09,123.6478
2022-03-10,123.6354
2022-03-11,123.6230
2022-03-12,123.6107
2022-03-13,123.5983
2022-03-14,123.5860
2022-03-15,123.5736
2022-03-16,123.5612
2022-03-17,123.5489
2022-03-18,123.5365
2022-03-19,123.5242
2022-03-20,123.5118
2022-03-21,123.4995
2022-03-22,123.4871
2022-03-23,123.4748
2022-03-24,123.4624
2022-03-25,123.4501
2022-03-26,123.4377
2022-03-27,123.4254
2022-03-28,123.4131
2022-03-29,123.4007
2022-03-30,123.3884
2022-03-31,123.3760
2022-04-01,123.3637
2022-04-02,123.3514
2022-04-03,123.3390
2022-04-04,123.3267
2022-04-05,123.3144
2022-04-06,123.3020
2022-04-07,123.2897
2022-04-08,123.2774
2022-04-09,123.2650
2022-04-10,123.2527
2022-04-11,123.2404
2022-04-12,123.2281
2022-04-13,123.2157
2022-04-14,123.2034
2022-04-15,123.1911
2022-04-16,123.1788
2022-04-17,123.1665
2022-04-18,123.1541
2022-04-19,123.1418
2022-04-20,123.1295
2022-04-21,123.1172
2022-04-22,123.1049
2022-04-23,123.0926
2022-04-24,123.0803
2022-04-25,123.0680
2022-04-26,123.0557
2022-04-27,123.0433
2022-04-28,123.0310
2022-04-29,123.0187
2022-04-30,123.0064
2022-05-01,122.9941
2022-05-02,122.9818
2022-05-03,122.9695
2022-05-04,122.9572
2022-05-05,122.9449
2022-05-06,122.9327
2022-05-07,122.9204
2022-05-08,122.9081
2022-05-09,122.8958
2022-05-10,122.8835
2022-05-11,122.8712
2022-05-12,122.8589
2022-05-13,122.8466
2022-05-14,122.8343
2022-05-15,122.8221
2022-05-16,122.8098
2022-05-17,122.7975
2022-05-18,122.7852
2022-05-19,122.7729
2022-05-20,122.7607
2022-05-21,122.7484
2022-05-22,122.7361
2022-05-23,122.7238
2022-05-24,122.7116
2022-05-25,122.6993
2022-05-26,122.6870
2022-05-27,122.6748
2022-05-28,122.6625
2022-05-29,122.6502
2022-05-30,122.6380
2022-05-31,122.6257
2022-06-01,122.6134
2022-06-02,122.6012
2022-06-03,122.5889
2022-06-04,122.5766
2022-06-05,122.5644
2022-06-06,122.5521
2022-06-07,122.5399
2022-06-08,122.5276
2022-06-09,122.5154
2022-06-10,122.5031
2022-06-11,122.4909
2022-06-12,122.4786
2022-06-13,122.4664
2022-06-14,122.4541
2022-06-15,122.4419
2022-06-16,122.4296
2022-06-17,122.4174
2022-06-18,122.4052
2022-06-19,122.3929
2022-06-20,122.3807
2022-06-21,122.3684
2022-06-22,122.3562
2022-06-23,122.3440
2022-06-24,122.3317
2022-06-25,122.3195
2022-06-26,122.3073
2022-06-27,122.2950
2022-06-28,122.2828
2022-06-29,122.2706
2022-06-30,122.2583
2022-07-01,122.2461
2022-07-02,122.2339
2022-07-03,122.2217
2022-07-04,122.2095
2022-07-05,122.1972
2022-07-06,122.1850
2022-07-07,122.1728
2022-07-08,122.1606
2022-07-09,122.1484
2022-07-10,122.1361
2022-07-11,122.1239
2022-07-12,122.1117
2022-07-13,122.0995
2022-07-14,122.0873
2022-07-15,122.0751
2022-07-16,122.0629
2022-07-17,122.0507
2022-07-18,122.0385
2022-07-19,122.0263
2022-07-20,122.0141
2022-07-21,122.0019
2022-07-22,121.9897
2022-07-23,121.9775
2022-07-24,121.9653
2022-07-25,121.9531
2022-07-26,121.9409
2022-07-27,121.9287
2022-07-28,121.9165
2022-07-29,121.9043
2022-07-30,121.8921
2022-07-31,121.8799
2022-08-01,121.8677
2022-08-02,121.8555
2022-08-03,121.8434
2022-08-04,121.8312
2022-08-05,121.8190
2022-08-06,121.8068
2022-08-07,121.7946
2022-08-08,121.7824
2022-08-09,121.7703
2022-08-10,121.7581
2022-08-11,121.7459
2022-08-12,121.7337
2022-08-13,121.7216
2022-08-14,121.7094
2022-08-15,121.6972
2022-08-16,121.6851
2022-08-17,121.6729
2022-08-18,121.6607
2022-08-19,121.6486
2022-08-20,121.6364
2022-08-21,121.6242
2022-08-22,121.6121
2022-08-23,121.5999
2022-08-24,121.5877
2022-08-25,121.5756
2022-08-26,121.5634
2022-08-27,121.5513
2022-08-28,121.5391
2022-08-29,121.5270
2022-08-30,121.5148
2022-08-31,121.5027
2022-09-01,121.4905
2022-09-02,121.4784
2022-09-03,121.4662
2022-09-04,121.4541
2022-09-05,121.4419
2022-09-06,121.4298
2022-09-07,121.4176
2022-09-08,121.4055
2022-09-09,121.3933
2022-09-10,121.3812
2022-09-11,121.3691
2022-09-12,121.3569
2022-09-13,121.3448
2022-09-14,121.3327
2022-09-15,121.3205
2022-09-16,121.3084
2022-09-17,121.2963
2022-09-18,121.2841
2022-09-19,121.2720
2022-09-20,121.2599
2022-09-21,121.2478
2022-09-22,121.2356
2022-09-23,121.2235
2022-09-24,121.2114
2022-09-25,121.1993
2022-09-26,121.1871
2022-09-27,121.1750
2022-09-28,121.1629
2022-09-29,121.1508
2022-09-30,121.1387
2022-10-01,121.1266
2022-10-02,121.1144
2022-10-03,121.1023
2022-10-04,121.0902
2022-10-05,121.0781
2022-10-06,121.0660
2022-10-07,121.0539
2022-10-08,121.0418
2022-10-09,121.0297
2022-10-10,121.0176
2022-10-11,121.0055
2022-10-12,120.9934
2022-10-13,120.9813
2022-10-14,120.9692
2022-10-15,120.9571
2022-10-16,120.9450
2022-10-17,120.9329
2022-10-18,120.9208
2022-10-19,120.9087
2022-10-20,120.8966
2022-10-21,120.8845
2022-10-22,120.8724
2022-10-23,120.8604
2022-10-24,120.8483
2022-10-25,120.8362
2022-10-26,120.8241
2022-10-27,120.8120
2022-10-28,120.7999
2022-10-29,120.7879
2022-10-30,120.7758
2022-10-31,120.7637
2022-11-01,120.7516
2022-11-02,120.7396
2022-11-03,120.7275
2022-11-04,120.7154
2022-11-05,120.7033
2022-11-06,120.6913
2022-11-07,120.6792
2022-11-08,120.6671
2022-11-09,120.6551
2022-11-10,120.6430
2022-11-11,120.6309
2022-11-12,120.6189
2022-11-13,120.6068
2022-11-14,120.5947
2022-11-15,120.5827
2022-11-16,120.5706
2022-11-17,120.5586
2022-11-18,120.5465
2022-11-19,120.5345
2022-11-20,120.5224
2022-11-21,120.5104
2022-11-22,120.4983
2022-11-23,120.4863
2022-11-24,120.4742
2022-11-25,120.4622
2022-11-26,120.4501
2022-11-27,120.4381
2022-11-28,120.4260
2022-11-29,120.4140
2022-11-30,120.4019
2022-12-01,120.3899
2022-12-02,120.3779
2022-12-03,120.3658
2022-12-04,120.3538
2022-12-05,120.3418
2022-12-06,120.3297
2022-12-07,120.3177
2022-12-08,120.3057
2022-12-09,120.2936
2022-12-10,120.2816
2022-12-11,120.2696
2022-12-12,120.2575
2022-12-13,120.2455
2022-12-14,120.2335
2022-12-15,120.2215
2022-12-16,120.2094
2022-12-17,120.1974
2022-12-18,120.1854
2022-12-19,120.1734
2022-12-20,120.1614
2022-12-21,120.1493
2022-12-22,120.1373
2022-12-23,120.1253
2022-12-24,120.1133
2022-12-25,120.1013
2022-12-26,120.0893
2022-12-27,120.0773
2022-12-28,120.0653
2022-12-29,120.0533
2022-12-30,120.0413
2022-12-31,120.0293
